北京市,110000,0
市辖区,110100,1
东城区,110101,2
西城区,110102,2
朝阳区,110105,2
丰台区,110106,2
石景山区,110107,2
海淀区,110108,2
门头沟区,110109,2
房山区,110111,2
通州区,110112,2
顺义区,110113,2
昌平区,110114,2
大兴区,110115,2
怀柔区,110116,2
平谷区,110117,2
密云区,110118,2
延庆区,110119,2
天津市,120000,0
市辖区,120100,1
和平区,120101,2
河东区,120102,2
河西区,120103,2
南开区,120104,2
河北区,120105,2
红桥区,120106,2
东丽区,120110,2
西青区,120111,2
津南区,120112,2
北辰区,120113,2
武清区,120114,2
宝坻区,120115,2
滨海新区,120116,2
宁河区,120117,2
静海区,120118,2
蓟州区,120119,2
河北省,130000,0
石家庄市,130100,1
市辖区,130101,2
长安区,130102,2
桥西区,130104,2
新华区,130105,2
井陉矿区,130107,2
裕华区,130108,2
藁城区,130109,2
鹿泉区,130110,2
栾城区,130111,2
井陉县,130121,2
正定县,130123,2
行唐县,130125,2
灵寿县,130126,2
高邑县,130127,2
深泽县,130128,2
赞皇县,130129,2
无极县,130130,2
平山县,130131,2
元氏县,130132,2
赵县,130133,2
晋州市,130183,2
新乐市,130184,2
唐山市,130200,1
市辖区,130201,2
路南区,130202,2
路北区,130203,2
古冶区,130204,2
开平区,130205,2
丰南区,130207,2
丰润区,130208,2
曹妃甸区,130209,2
滦县,130223,2
滦南县,130224,2
乐亭县,130225,2
迁西县,130227,2
玉田县,130229,2
遵化市,130281,2
迁安市,130283,2
秦皇岛市,130300,1
市辖区,130301,2
海港区,130302,2
山海关区,130303,2
北戴河区,130304,2
抚宁区,130306,2
青龙满族自治县,130321,2
昌黎县,130322,2
卢龙县,130324,2
邯郸市,130400,1
市辖区,130401,2
邯山区,130402,2
丛台区,130403,2
复兴区,130404,2
峰峰矿区,130406,2
邯郸县,130421,2
临漳县,130423,2
成安县,130424,2
大名县,130425,2
涉县,130426,2
磁县,130427,2
肥乡县,130428,2
永年县,130429,2
邱县,130430,2
鸡泽县,130431,2
广平县,130432,2
馆陶县,130433,2
魏县,130434,2
曲周县,130435,2
武安市,130481,2
邢台市,130500,1
市辖区,130501,2
桥东区,130502,2
桥西区,130503,2
邢台县,130521,2
临城县,130522,2
内丘县,130523,2
柏乡县,130524,2
隆尧县,130525,2
任县,130526,2
南和县,130527,2
宁晋县,130528,2
巨鹿县,130529,2
新河县,130530,2
广宗县,130531,2
平乡县,130532,2
威县,130533,2
清河县,130534,2
临西县,130535,2
南宫市,130581,2
沙河市,130582,2
保定市,130600,1
市辖区,130601,2
竞秀区,130602,2
莲池区,130606,2
满城区,130607,2
清苑区,130608,2
徐水区,130609,2
涞水县,130623,2
阜平县,130624,2
定兴县,130626,2
唐县,130627,2
高阳县,130628,2
容城县,130629,2
涞源县,130630,2
望都县,130631,2
安新县,130632,2
易县,130633,2
曲阳县,130634,2
蠡县,130635,2
顺平县,130636,2
博野县,130637,2
雄县,130638,2
涿州市,130681,2
安国市,130683,2
高碑店市,130684,2
张家口市,130700,1
市辖区,130701,2
桥东区,130702,2
桥西区,130703,2
宣化区,130705,2
下花园区,130706,2
万全区,130708,2
崇礼区,130709,2
张北县,130722,2
康保县,130723,2
沽源县,130724,2
尚义县,130725,2
蔚县,130726,2
阳原县,130727,2
怀安县,130728,2
怀来县,130730,2
涿鹿县,130731,2
赤城县,130732,2
承德市,130800,1
市辖区,130801,2
双桥区,130802,2
双滦区,130803,2
鹰手营子矿区,130804,2
承德县,130821,2
兴隆县,130822,2
平泉县,130823,2
滦平县,130824,2
隆化县,130825,2
丰宁满族自治县,130826,2
宽城满族自治县,130827,2
围场满族蒙古族自治县,130828,2
沧州市,130900,1
市辖区,130901,2
新华区,130902,2
运河区,130903,2
沧县,130921,2
青县,130922,2
东光县,130923,2
海兴县,130924,2
盐山县,130925,2
肃宁县,130926,2
南皮县,130927,2
吴桥县,130928,2
献县,130929,2
孟村回族自治县,130930,2
泊头市,130981,2
任丘市,130982,2
黄骅市,130983,2
河间市,130984,2
廊坊市,131000,1
市辖区,131001,2
安次区,131002,2
广阳区,131003,2
固安县,131022,2
永清县,131023,2
香河县,131024,2
大城县,131025,2
文安县,131026,2
大厂回族自治县,131028,2
霸州市,131081,2
三河市,131082,2
衡水市,131100,1
市辖区,131101,2
桃城区,131102,2
冀州区,131103,2
枣强县,131121,2
武邑县,131122,2
武强县,131123,2
饶阳县,131124,2
安平县,131125,2
故城县,131126,2
景县,131127,2
阜城县,131128,2
深州市,131182,2
省直辖县级行政区划,139000,1
定州市,139001,2
辛集市,139002,2
山西省,140000,0
太原市,140100,1
市辖区,140101,2
小店区,140105,2
迎泽区,140106,2
杏花岭区,140107,2
尖草坪区,140108,2
万柏林区,140109,2
晋源区,140110,2
清徐县,140121,2
阳曲县,140122,2
娄烦县,140123,2
古交市,140181,2
大同市,140200,1
市辖区,140201,2
城区,140202,2
矿区,140203,2
南郊区,140211,2
新荣区,140212,2
阳高县,140221,2
天镇县,140222,2
广灵县,140223,2
灵丘县,140224,2
浑源县,140225,2
左云县,140226,2
大同县,140227,2
阳泉市,140300,1
市辖区,140301,2
城区,140302,2
矿区,140303,2
郊区,140311,2
平定县,140321,2
盂县,140322,2
长治市,140400,1
市辖区,140401,2
城区,140402,2
郊区,140411,2
长治县,140421,2
襄垣县,140423,2
屯留县,140424,2
平顺县,140425,2
黎城县,140426,2
壶关县,140427,2
长子县,140428,2
武乡县,140429,2
沁县,140430,2
沁源县,140431,2
潞城市,140481,2
晋城市,140500,1
市辖区,140501,2
城区,140502,2
沁水县,140521,2
阳城县,140522,2
陵川县,140524,2
泽州县,140525,2
高平市,140581,2
朔州市,140600,1
市辖区,140601,2
朔城区,140602,2
平鲁区,140603,2
山阴县,140621,2
应县,140622,2
右玉县,140623,2
怀仁县,140624,2
晋中市,140700,1
市辖区,140701,2
榆次区,140702,2
榆社县,140721,2
左权县,140722,2
和顺县,140723,2
昔阳县,140724,2
寿阳县,140725,2
太谷县,140726,2
祁县,140727,2
平遥县,140728,2
灵石县,140729,2
介休市,140781,2
运城市,140800,1
市辖区,140801,2
盐湖区,140802,2
临猗县,140821,2
万荣县,140822,2
闻喜县,140823,2
稷山县,140824,2
新绛县,140825,2
绛县,140826,2
垣曲县,140827,2
夏县,140828,2
平陆县,140829,2
芮城县,140830,2
永济市,140881,2
河津市,140882,2
忻州市,140900,1
市辖区,140901,2
忻府区,140902,2
定襄县,140921,2
五台县,140922,2
代县,140923,2
繁峙县,140924,2
宁武县,140925,2
静乐县,140926,2
神池县,140927,2
五寨县,140928,2
岢岚县,140929,2
河曲县,140930,2
保德县,140931,2
偏关县,140932,2
原平市,140981,2
临汾市,141000,1
市辖区,141001,2
尧都区,141002,2
曲沃县,141021,2
翼城县,141022,2
襄汾县,141023,2
洪洞县,141024,2
古县,141025,2
安泽县,141026,2
浮山县,141027,2
吉县,141028,2
乡宁县,141029,2
大宁县,141030,2
隰县,141031,2
永和县,141032,2
蒲县,141033,2
汾西县,141034,2
侯马市,141081,2
霍州市,141082,2
吕梁市,141100,1
市辖区,141101,2
离石区,141102,2
文水县,141121,2
交城县,141122,2
兴县,141123,2
临县,141124,2
柳林县,141125,2
石楼县,141126,2
岚县,141127,2
方山县,141128,2
中阳县,141129,2
交口县,141130,2
孝义市,141181,2
汾阳市,141182,2
内蒙古自治区,150000,0
呼和浩特市,150100,1
市辖区,150101,2
新城区,150102,2
回民区,150103,2
玉泉区,150104,2
赛罕区,150105,2
土默特左旗,150121,2
托克托县,150122,2
和林格尔县,150123,2
清水河县,150124,2
武川县,150125,2
包头市,150200,1
市辖区,150201,2
东河区,150202,2
昆都仑区,150203,2
青山区,150204,2
石拐区,150205,2
白云鄂博矿区,150206,2
九原区,150207,2
土默特右旗,150221,2
固阳县,150222,2
达尔罕茂明安联合旗,150223,2
乌海市,150300,1
市辖区,150301,2
海勃湾区,150302,2
海南区,150303,2
乌达区,150304,2
赤峰市,150400,1
市辖区,150401,2
红山区,150402,2
元宝山区,150403,2
松山区,150404,2
阿鲁科尔沁旗,150421,2
巴林左旗,150422,2
巴林右旗,150423,2
林西县,150424,2
克什克腾旗,150425,2
翁牛特旗,150426,2
喀喇沁旗,150428,2
宁城县,150429,2
敖汉旗,150430,2
通辽市,150500,1
市辖区,150501,2
科尔沁区,150502,2
科尔沁左翼中旗,150521,2
科尔沁左翼后旗,150522,2
开鲁县,150523,2
库伦旗,150524,2
奈曼旗,150525,2
扎鲁特旗,150526,2
霍林郭勒市,150581,2
鄂尔多斯市,150600,1
市辖区,150601,2
东胜区,150602,2
康巴什区,150603,2
达拉特旗,150621,2
准格尔旗,150622,2
鄂托克前旗,150623,2
鄂托克旗,150624,2
杭锦旗,150625,2
乌审旗,150626,2
伊金霍洛旗,150627,2
呼伦贝尔市,150700,1
市辖区,150701,2
海拉尔区,150702,2
扎赉诺尔区,150703,2
阿荣旗,150721,2
莫力达瓦达斡尔族自治旗,150722,2
鄂伦春自治旗,150723,2
鄂温克族自治旗,150724,2
陈巴尔虎旗,150725,2
新巴尔虎左旗,150726,2
新巴尔虎右旗,150727,2
满洲里市,150781,2
牙克石市,150782,2
扎兰屯市,150783,2
额尔古纳市,150784,2
根河市,150785,2
巴彦淖尔市,150800,1
市辖区,150801,2
临河区,150802,2
五原县,150821,2
磴口县,150822,2
乌拉特前旗,150823,2
乌拉特中旗,150824,2
乌拉特后旗,150825,2
杭锦后旗,150826,2
乌兰察布市,150900,1
市辖区,150901,2
集宁区,150902,2
卓资县,150921,2
化德县,150922,2
商都县,150923,2
兴和县,150924,2
凉城县,150925,2
察哈尔右翼前旗,150926,2
察哈尔右翼中旗,150927,2
察哈尔右翼后旗,150928,2
四子王旗,150929,2
丰镇市,150981,2
兴安盟,152200,1
乌兰浩特市,152201,2
阿尔山市,152202,2
科尔沁右翼前旗,152221,2
科尔沁右翼中旗,152222,2
扎赉特旗,152223,2
突泉县,152224,2
锡林郭勒盟,152500,1
二连浩特市,152501,2
锡林浩特市,152502,2
阿巴嘎旗,152522,2
苏尼特左旗,152523,2
苏尼特右旗,152524,2
东乌珠穆沁旗,152525,2
西乌珠穆沁旗,152526,2
太仆寺旗,152527,2
镶黄旗,152528,2
正镶白旗,152529,2
正蓝旗,152530,2
多伦县,152531,2
阿拉善盟,152900,1
阿拉善左旗,152921,2
阿拉善右旗,152922,2
额济纳旗,152923,2
辽宁省,210000,0
沈阳市,210100,1
市辖区,210101,2
和平区,210102,2
沈河区,210103,2
大东区,210104,2
皇姑区,210105,2
铁西区,210106,2
苏家屯区,210111,2
浑南区,210112,2
沈北新区,210113,2
于洪区,210114,2
辽中区,210115,2
康平县,210123,2
法库县,210124,2
新民市,210181,2
大连市,210200,1
市辖区,210201,2
中山区,210202,2
西岗区,210203,2
沙河口区,210204,2
甘井子区,210211,2
旅顺口区,210212,2
金州区,210213,2
普兰店区,210214,2
长海县,210224,2
瓦房店市,210281,2
庄河市,210283,2
鞍山市,210300,1
市辖区,210301,2
铁东区,210302,2
铁西区,210303,2
立山区,210304,2
千山区,210311,2
台安县,210321,2
岫岩满族自治县,210323,2
海城市,210381,2
抚顺市,210400,1
市辖区,210401,2
新抚区,210402,2
东洲区,210403,2
望花区,210404,2
顺城区,210411,2
抚顺县,210421,2
新宾满族自治县,210422,2
清原满族自治县,210423,2
本溪市,210500,1
市辖区,210501,2
平山区,210502,2
溪湖区,210503,2
明山区,210504,2
南芬区,210505,2
本溪满族自治县,210521,2
桓仁满族自治县,210522,2
丹东市,210600,1
市辖区,210601,2
元宝区,210602,2
振兴区,210603,2
振安区,210604,2
宽甸满族自治县,210624,2
东港市,210681,2
凤城市,210682,2
锦州市,210700,1
市辖区,210701,2
古塔区,210702,2
凌河区,210703,2
太和区,210711,2
黑山县,210726,2
义县,210727,2
凌海市,210781,2
北镇市,210782,2
营口市,210800,1
市辖区,210801,2
站前区,210802,2
西市区,210803,2
鲅鱼圈区,210804,2
老边区,210811,2
盖州市,210881,2
大石桥市,210882,2
阜新市,210900,1
市辖区,210901,2
海州区,210902,2
新邱区,210903,2
太平区,210904,2
清河门区,210905,2
细河区,210911,2
阜新蒙古族自治县,210921,2
彰武县,210922,2
辽阳市,211000,1
市辖区,211001,2
白塔区,211002,2
文圣区,211003,2
宏伟区,211004,2
弓长岭区,211005,2
太子河区,211011,2
辽阳县,211021,2
灯塔市,211081,2
盘锦市,211100,1
市辖区,211101,2
双台子区,211102,2
兴隆台区,211103,2
大洼区,211104,2
盘山县,211122,2
铁岭市,211200,1
市辖区,211201,2
银州区,211202,2
清河区,211204,2
铁岭县,211221,2
西丰县,211223,2
昌图县,211224,2
调兵山市,211281,2
开原市,211282,2
朝阳市,211300,1
市辖区,211301,2
双塔区,211302,2
龙城区,211303,2
朝阳县,211321,2
建平县,211322,2
喀喇沁左翼蒙古族自治县,211324,2
北票市,211381,2
凌源市,211382,2
葫芦岛市,211400,1
市辖区,211401,2
连山区,211402,2
龙港区,211403,2
南票区,211404,2
绥中县,211421,2
建昌县,211422,2
兴城市,211481,2
吉林省,220000,0
长春市,220100,1
市辖区,220101,2
南关区,220102,2
宽城区,220103,2
朝阳区,220104,2
二道区,220105,2
绿园区,220106,2
双阳区,220112,2
九台区,220113,2
农安县,220122,2
榆树市,220182,2
德惠市,220183,2
吉林市,220200,1
市辖区,220201,2
昌邑区,220202,2
龙潭区,220203,2
船营区,220204,2
丰满区,220211,2
永吉县,220221,2
蛟河市,220281,2
桦甸市,220282,2
舒兰市,220283,2
磐石市,220284,2
四平市,220300,1
市辖区,220301,2
铁西区,220302,2
铁东区,220303,2
梨树县,220322,2
伊通满族自治县,220323,2
公主岭市,220381,2
双辽市,220382,2
辽源市,220400,1
市辖区,220401,2
龙山区,220402,2
西安区,220403,2
东丰县,220421,2
东辽县,220422,2
通化市,220500,1
市辖区,220501,2
东昌区,220502,2
二道江区,220503,2
通化县,220521,2
辉南县,220523,2
柳河县,220524,2
梅河口市,220581,2
集安市,220582,2
白山市,220600,1
市辖区,220601,2
浑江区,220602,2
江源区,220605,2
抚松县,220621,2
靖宇县,220622,2
长白朝鲜族自治县,220623,2
临江市,220681,2
松原市,220700,1
市辖区,220701,2
宁江区,220702,2
前郭尔罗斯蒙古族自治县,220721,2
长岭县,220722,2
乾安县,220723,2
扶余市,220781,2
白城市,220800,1
市辖区,220801,2
洮北区,220802,2
镇赉县,220821,2
通榆县,220822,2
洮南市,220881,2
大安市,220882,2
延边朝鲜族自治州,222400,1
延吉市,222401,2
图们市,222402,2
敦化市,222403,2
珲春市,222404,2
龙井市,222405,2
和龙市,222406,2
汪清县,222424,2
安图县,222426,2
黑龙江省,230000,0
哈尔滨市,230100,1
市辖区,230101,2
道里区,230102,2
南岗区,230103,2
道外区,230104,2
平房区,230108,2
松北区,230109,2
香坊区,230110,2
呼兰区,230111,2
阿城区,230112,2
双城区,230113,2
依兰县,230123,2
方正县,230124,2
宾县,230125,2
巴彦县,230126,2
木兰县,230127,2
通河县,230128,2
延寿县,230129,2
尚志市,230183,2
五常市,230184,2
齐齐哈尔市,230200,1
市辖区,230201,2
龙沙区,230202,2
建华区,230203,2
铁锋区,230204,2
昂昂溪区,230205,2
富拉尔基区,230206,2
碾子山区,230207,2
梅里斯达斡尔族区,230208,2
龙江县,230221,2
依安县,230223,2
泰来县,230224,2
甘南县,230225,2
富裕县,230227,2
克山县,230229,2
克东县,230230,2
拜泉县,230231,2
讷河市,230281,2
鸡西市,230300,1
市辖区,230301,2
鸡冠区,230302,2
恒山区,230303,2
滴道区,230304,2
梨树区,230305,2
城子河区,230306,2
麻山区,230307,2
鸡东县,230321,2
虎林市,230381,2
密山市,230382,2
鹤岗市,230400,1
市辖区,230401,2
向阳区,230402,2
工农区,230403,2
南山区,230404,2
兴安区,230405,2
东山区,230406,2
兴山区,230407,2
萝北县,230421,2
绥滨县,230422,2
双鸭山市,230500,1
市辖区,230501,2
尖山区,230502,2
岭东区,230503,2
四方台区,230505,2
宝山区,230506,2
集贤县,230521,2
友谊县,230522,2
宝清县,230523,2
饶河县,230524,2
大庆市,230600,1
市辖区,230601,2
萨尔图区,230602,2
龙凤区,230603,2
让胡路区,230604,2
红岗区,230605,2
大同区,230606,2
肇州县,230621,2
肇源县,230622,2
林甸县,230623,2
杜尔伯特蒙古族自治县,230624,2
伊春市,230700,1
市辖区,230701,2
伊春区,230702,2
南岔区,230703,2
友好区,230704,2
西林区,230705,2
翠峦区,230706,2
新青区,230707,2
美溪区,230708,2
金山屯区,230709,2
五营区,230710,2
乌马河区,230711,2
汤旺河区,230712,2
带岭区,230713,2
乌伊岭区,230714,2
红星区,230715,2
上甘岭区,230716,2
嘉荫县,230722,2
铁力市,230781,2
佳木斯市,230800,1
市辖区,230801,2
向阳区,230803,2
前进区,230804,2
东风区,230805,2
郊区,230811,2
桦南县,230822,2
桦川县,230826,2
汤原县,230828,2
同江市,230881,2
富锦市,230882,2
抚远市,230883,2
七台河市,230900,1
市辖区,230901,2
新兴区,230902,2
桃山区,230903,2
茄子河区,230904,2
勃利县,230921,2
牡丹江市,231000,1
市辖区,231001,2
东安区,231002,2
阳明区,231003,2
爱民区,231004,2
西安区,231005,2
林口县,231025,2
绥芬河市,231081,2
海林市,231083,2
宁安市,231084,2
穆棱市,231085,2
东宁市,231086,2
黑河市,231100,1
市辖区,231101,2
爱辉区,231102,2
嫩江县,231121,2
逊克县,231123,2
孙吴县,231124,2
北安市,231181,2
五大连池市,231182,2
绥化市,231200,1
市辖区,231201,2
北林区,231202,2
望奎县,231221,2
兰西县,231222,2
青冈县,231223,2
庆安县,231224,2
明水县,231225,2
绥棱县,231226,2
安达市,231281,2
肇东市,231282,2
海伦市,231283,2
大兴安岭地区,232700,1
呼玛县,232721,2
塔河县,232722,2
漠河县,232723,2
上海市,310000,0
市辖区,310100,1
黄浦区,310101,2
徐汇区,310104,2
长宁区,310105,2
静安区,310106,2
普陀区,310107,2
虹口区,310109,2
杨浦区,310110,2
闵行区,310112,2
宝山区,310113,2
嘉定区,310114,2
浦东新区,310115,2
金山区,310116,2
松江区,310117,2
青浦区,310118,2
奉贤区,310120,2
崇明区,310151,2
江苏省,320000,0
南京市,320100,1
市辖区,320101,2
玄武区,320102,2
秦淮区,320104,2
建邺区,320105,2
鼓楼区,320106,2
浦口区,320111,2
栖霞区,320113,2
雨花台区,320114,2
江宁区,320115,2
六合区,320116,2
溧水区,320117,2
高淳区,320118,2
无锡市,320200,1
市辖区,320201,2
锡山区,320205,2
惠山区,320206,2
滨湖区,320211,2
梁溪区,320213,2
新吴区,320214,2
江阴市,320281,2
宜兴市,320282,2
徐州市,320300,1
市辖区,320301,2
鼓楼区,320302,2
云龙区,320303,2
贾汪区,320305,2
泉山区,320311,2
铜山区,320312,2
丰县,320321,2
沛县,320322,2
睢宁县,320324,2
新沂市,320381,2
邳州市,320382,2
常州市,320400,1
市辖区,320401,2
天宁区,320402,2
钟楼区,320404,2
新北区,320411,2
武进区,320412,2
金坛区,320413,2
溧阳市,320481,2
苏州市,320500,1
市辖区,320501,2
虎丘区,320505,2
吴中区,320506,2
相城区,320507,2
姑苏区,320508,2
吴江区,320509,2
常熟市,320581,2
张家港市,320582,2
昆山市,320583,2
太仓市,320585,2
南通市,320600,1
市辖区,320601,2
崇川区,320602,2
港闸区,320611,2
通州区,320612,2
海安县,320621,2
如东县,320623,2
启东市,320681,2
如皋市,320682,2
海门市,320684,2
连云港市,320700,1
市辖区,320701,2
连云区,320703,2
海州区,320706,2
赣榆区,320707,2
东海县,320722,2
灌云县,320723,2
灌南县,320724,2
淮安市,320800,1
市辖区,320801,2
淮安区,320803,2
淮阴区,320804,2
清江浦区,320812,2
洪泽区,320813,2
涟水县,320826,2
盱眙县,320830,2
金湖县,320831,2
盐城市,320900,1
市辖区,320901,2
亭湖区,320902,2
盐都区,320903,2
大丰区,320904,2
响水县,320921,2
滨海县,320922,2
阜宁县,320923,2
射阳县,320924,2
建湖县,320925,2
东台市,320981,2
扬州市,321000,1
市辖区,321001,2
广陵区,321002,2
邗江区,321003,2
江都区,321012,2
宝应县,321023,2
仪征市,321081,2
高邮市,321084,2
镇江市,321100,1
市辖区,321101,2
京口区,321102,2
润州区,321111,2
丹徒区,321112,2
丹阳市,321181,2
扬中市,321182,2
句容市,321183,2
泰州市,321200,1
市辖区,321201,2
海陵区,321202,2
高港区,321203,2
姜堰区,321204,2
兴化市,321281,2
靖江市,321282,2
泰兴市,321283,2
宿迁市,321300,1
市辖区,321301,2
宿城区,321302,2
宿豫区,321311,2
沭阳县,321322,2
泗阳县,321323,2
泗洪县,321324,2
浙江省,330000,0
杭州市,330100,1
市辖区,330101,2
上城区,330102,2
下城区,330103,2
江干区,330104,2
拱墅区,330105,2
西湖区,330106,2
滨江区,330108,2
萧山区,330109,2
余杭区,330110,2
富阳区,330111,2
桐庐县,330122,2
淳安县,330127,2
建德市,330182,2
临安市,330185,2
宁波市,330200,1
市辖区,330201,2
海曙区,330203,2
江东区,330204,2
江北区,330205,2
北仑区,330206,2
镇海区,330211,2
鄞州区,330212,2
象山县,330225,2
宁海县,330226,2
余姚市,330281,2
慈溪市,330282,2
奉化市,330283,2
温州市,330300,1
市辖区,330301,2
鹿城区,330302,2
龙湾区,330303,2
瓯海区,330304,2
洞头区,330305,2
永嘉县,330324,2
平阳县,330326,2
苍南县,330327,2
文成县,330328,2
泰顺县,330329,2
瑞安市,330381,2
乐清市,330382,2
嘉兴市,330400,1
市辖区,330401,2
南湖区,330402,2
秀洲区,330411,2
嘉善县,330421,2
海盐县,330424,2
海宁市,330481,2
平湖市,330482,2
桐乡市,330483,2
湖州市,330500,1
市辖区,330501,2
吴兴区,330502,2
南浔区,330503,2
德清县,330521,2
长兴县,330522,2
安吉县,330523,2
绍兴市,330600,1
市辖区,330601,2
越城区,330602,2
柯桥区,330603,2
上虞区,330604,2
新昌县,330624,2
诸暨市,330681,2
嵊州市,330683,2
金华市,330700,1
市辖区,330701,2
婺城区,330702,2
金东区,330703,2
武义县,330723,2
浦江县,330726,2
磐安县,330727,2
兰溪市,330781,2
义乌市,330782,2
东阳市,330783,2
永康市,330784,2
衢州市,330800,1
市辖区,330801,2
柯城区,330802,2
衢江区,330803,2
常山县,330822,2
开化县,330824,2
龙游县,330825,2
江山市,330881,2
舟山市,330900,1
市辖区,330901,2
定海区,330902,2
普陀区,330903,2
岱山县,330921,2
嵊泗县,330922,2
台州市,331000,1
市辖区,331001,2
椒江区,331002,2
黄岩区,331003,2
路桥区,331004,2
玉环县,331021,2
三门县,331022,2
天台县,331023,2
仙居县,331024,2
温岭市,331081,2
临海市,331082,2
丽水市,331100,1
市辖区,331101,2
莲都区,331102,2
青田县,331121,2
缙云县,331122,2
遂昌县,331123,2
松阳县,331124,2
云和县,331125,2
庆元县,331126,2
景宁畲族自治县,331127,2
龙泉市,331181,2
安徽省,340000,0
合肥市,340100,1
市辖区,340101,2
瑶海区,340102,2
庐阳区,340103,2
蜀山区,340104,2
包河区,340111,2
长丰县,340121,2
肥东县,340122,2
肥西县,340123,2
庐江县,340124,2
巢湖市,340181,2
芜湖市,340200,1
市辖区,340201,2
镜湖区,340202,2
弋江区,340203,2
鸠江区,340207,2
三山区,340208,2
芜湖县,340221,2
繁昌县,340222,2
南陵县,340223,2
无为县,340225,2
蚌埠市,340300,1
市辖区,340301,2
龙子湖区,340302,2
蚌山区,340303,2
禹会区,340304,2
淮上区,340311,2
怀远县,340321,2
五河县,340322,2
固镇县,340323,2
淮南市,340400,1
市辖区,340401,2
大通区,340402,2
田家庵区,340403,2
谢家集区,340404,2
八公山区,340405,2
潘集区,340406,2
凤台县,340421,2
寿县,340422,2
马鞍山市,340500,1
市辖区,340501,2
花山区,340503,2
雨山区,340504,2
博望区,340506,2
当涂县,340521,2
含山县,340522,2
和县,340523,2
淮北市,340600,1
市辖区,340601,2
杜集区,340602,2
相山区,340603,2
烈山区,340604,2
濉溪县,340621,2
铜陵市,340700,1
市辖区,340701,2
铜官区,340705,2
义安区,340706,2
郊区,340711,2
枞阳县,340722,2
安庆市,340800,1
市辖区,340801,2
迎江区,340802,2
大观区,340803,2
宜秀区,340811,2
怀宁县,340822,2
潜山县,340824,2
太湖县,340825,2
宿松县,340826,2
望江县,340827,2
岳西县,340828,2
桐城市,340881,2
黄山市,341000,1
市辖区,341001,2
屯溪区,341002,2
黄山区,341003,2
徽州区,341004,2
歙县,341021,2
休宁县,341022,2
黟县,341023,2
祁门县,341024,2
滁州市,341100,1
市辖区,341101,2
琅琊区,341102,2
南谯区,341103,2
来安县,341122,2
全椒县,341124,2
定远县,341125,2
凤阳县,341126,2
天长市,341181,2
明光市,341182,2
阜阳市,341200,1
市辖区,341201,2
颍州区,341202,2
颍东区,341203,2
颍泉区,341204,2
临泉县,341221,2
太和县,341222,2
阜南县,341225,2
颍上县,341226,2
界首市,341282,2
宿州市,341300,1
市辖区,341301,2
埇桥区,341302,2
砀山县,341321,2
萧县,341322,2
灵璧县,341323,2
泗县,341324,2
六安市,341500,1
市辖区,341501,2
金安区,341502,2
裕安区,341503,2
叶集区,341504,2
霍邱县,341522,2
舒城县,341523,2
金寨县,341524,2
霍山县,341525,2
亳州市,341600,1
市辖区,341601,2
谯城区,341602,2
涡阳县,341621,2
蒙城县,341622,2
利辛县,341623,2
池州市,341700,1
市辖区,341701,2
贵池区,341702,2
东至县,341721,2
石台县,341722,2
青阳县,341723,2
宣城市,341800,1
市辖区,341801,2
宣州区,341802,2
郎溪县,341821,2
广德县,341822,2
泾县,341823,2
绩溪县,341824,2
旌德县,341825,2
宁国市,341881,2
福建省,350000,0
福州市,350100,1
市辖区,350101,2
鼓楼区,350102,2
台江区,350103,2
仓山区,350104,2
马尾区,350105,2
晋安区,350111,2
闽侯县,350121,2
连江县,350122,2
罗源县,350123,2
闽清县,350124,2
永泰县,350125,2
平潭县,350128,2
福清市,350181,2
长乐市,350182,2
厦门市,350200,1
市辖区,350201,2
思明区,350203,2
海沧区,350205,2
湖里区,350206,2
集美区,350211,2
同安区,350212,2
翔安区,350213,2
莆田市,350300,1
市辖区,350301,2
城厢区,350302,2
涵江区,350303,2
荔城区,350304,2
秀屿区,350305,2
仙游县,350322,2
三明市,350400,1
市辖区,350401,2
梅列区,350402,2
三元区,350403,2
明溪县,350421,2
清流县,350423,2
宁化县,350424,2
大田县,350425,2
尤溪县,350426,2
沙县,350427,2
将乐县,350428,2
泰宁县,350429,2
建宁县,350430,2
永安市,350481,2
泉州市,350500,1
市辖区,350501,2
鲤城区,350502,2
丰泽区,350503,2
洛江区,350504,2
泉港区,350505,2
惠安县,350521,2
安溪县,350524,2
永春县,350525,2
德化县,350526,2
金门县,350527,2
石狮市,350581,2
晋江市,350582,2
南安市,350583,2
漳州市,350600,1
市辖区,350601,2
芗城区,350602,2
龙文区,350603,2
云霄县,350622,2
漳浦县,350623,2
诏安县,350624,2
长泰县,350625,2
东山县,350626,2
南靖县,350627,2
平和县,350628,2
华安县,350629,2
龙海市,350681,2
南平市,350700,1
市辖区,350701,2
延平区,350702,2
建阳区,350703,2
顺昌县,350721,2
浦城县,350722,2
光泽县,350723,2
松溪县,350724,2
政和县,350725,2
邵武市,350781,2
武夷山市,350782,2
建瓯市,350783,2
龙岩市,350800,1
市辖区,350801,2
新罗区,350802,2
永定区,350803,2
长汀县,350821,2
上杭县,350823,2
武平县,350824,2
连城县,350825,2
漳平市,350881,2
宁德市,350900,1
市辖区,350901,2
蕉城区,350902,2
霞浦县,350921,2
古田县,350922,2
屏南县,350923,2
寿宁县,350924,2
周宁县,350925,2
柘荣县,350926,2
福安市,350981,2
福鼎市,350982,2
江西省,360000,0
南昌市,360100,1
市辖区,360101,2
东湖区,360102,2
西湖区,360103,2
青云谱区,360104,2
湾里区,360105,2
青山湖区,360111,2
新建区,360112,2
南昌县,360121,2
安义县,360123,2
进贤县,360124,2
景德镇市,360200,1
市辖区,360201,2
昌江区,360202,2
珠山区,360203,2
浮梁县,360222,2
乐平市,360281,2
萍乡市,360300,1
市辖区,360301,2
安源区,360302,2
湘东区,360313,2
莲花县,360321,2
上栗县,360322,2
芦溪县,360323,2
九江市,360400,1
市辖区,360401,2
濂溪区,360402,2
浔阳区,360403,2
九江县,360421,2
武宁县,360423,2
修水县,360424,2
永修县,360425,2
德安县,360426,2
都昌县,360428,2
湖口县,360429,2
彭泽县,360430,2
瑞昌市,360481,2
共青城市,360482,2
庐山市,360483,2
新余市,360500,1
市辖区,360501,2
渝水区,360502,2
分宜县,360521,2
鹰潭市,360600,1
市辖区,360601,2
月湖区,360602,2
余江县,360622,2
贵溪市,360681,2
赣州市,360700,1
市辖区,360701,2
章贡区,360702,2
南康区,360703,2
赣县,360721,2
信丰县,360722,2
大余县,360723,2
上犹县,360724,2
崇义县,360725,2
安远县,360726,2
龙南县,360727,2
定南县,360728,2
全南县,360729,2
宁都县,360730,2
于都县,360731,2
兴国县,360732,2
会昌县,360733,2
寻乌县,360734,2
石城县,360735,2
瑞金市,360781,2
吉安市,360800,1
市辖区,360801,2
吉州区,360802,2
青原区,360803,2
吉安县,360821,2
吉水县,360822,2
峡江县,360823,2
新干县,360824,2
永丰县,360825,2
泰和县,360826,2
遂川县,360827,2
万安县,360828,2
安福县,360829,2
永新县,360830,2
井冈山市,360881,2
宜春市,360900,1
市辖区,360901,2
袁州区,360902,2
奉新县,360921,2
万载县,360922,2
上高县,360923,2
宜丰县,360924,2
靖安县,360925,2
铜鼓县,360926,2
丰城市,360981,2
樟树市,360982,2
高安市,360983,2
抚州市,361000,1
市辖区,361001,2
临川区,361002,2
南城县,361021,2
黎川县,361022,2
南丰县,361023,2
崇仁县,361024,2
乐安县,361025,2
宜黄县,361026,2
金溪县,361027,2
资溪县,361028,2
东乡县,361029,2
广昌县,361030,2
上饶市,361100,1
市辖区,361101,2
信州区,361102,2
广丰区,361103,2
上饶县,361121,2
玉山县,361123,2
铅山县,361124,2
横峰县,361125,2
弋阳县,361126,2
余干县,361127,2
鄱阳县,361128,2
万年县,361129,2
婺源县,361130,2
德兴市,361181,2
山东省,370000,0
济南市,370100,1
市辖区,370101,2
历下区,370102,2
市中区,370103,2
槐荫区,370104,2
天桥区,370105,2
历城区,370112,2
长清区,370113,2
平阴县,370124,2
济阳县,370125,2
商河县,370126,2
章丘市,370181,2
青岛市,370200,1
市辖区,370201,2
市南区,370202,2
市北区,370203,2
黄岛区,370211,2
崂山区,370212,2
李沧区,370213,2
城阳区,370214,2
胶州市,370281,2
即墨市,370282,2
平度市,370283,2
莱西市,370285,2
淄博市,370300,1
市辖区,370301,2
淄川区,370302,2
张店区,370303,2
博山区,370304,2
临淄区,370305,2
周村区,370306,2
桓台县,370321,2
高青县,370322,2
沂源县,370323,2
枣庄市,370400,1
市辖区,370401,2
市中区,370402,2
薛城区,370403,2
峄城区,370404,2
台儿庄区,370405,2
山亭区,370406,2
滕州市,370481,2
东营市,370500,1
市辖区,370501,2
东营区,370502,2
河口区,370503,2
垦利区,370505,2
利津县,370522,2
广饶县,370523,2
烟台市,370600,1
市辖区,370601,2
芝罘区,370602,2
福山区,370611,2
牟平区,370612,2
莱山区,370613,2
长岛县,370634,2
龙口市,370681,2
莱阳市,370682,2
莱州市,370683,2
蓬莱市,370684,2
招远市,370685,2
栖霞市,370686,2
海阳市,370687,2
潍坊市,370700,1
市辖区,370701,2
潍城区,370702,2
寒亭区,370703,2
坊子区,370704,2
奎文区,370705,2
临朐县,370724,2
昌乐县,370725,2
青州市,370781,2
诸城市,370782,2
寿光市,370783,2
安丘市,370784,2
高密市,370785,2
昌邑市,370786,2
济宁市,370800,1
市辖区,370801,2
任城区,370811,2
兖州区,370812,2
微山县,370826,2
鱼台县,370827,2
金乡县,370828,2
嘉祥县,370829,2
汶上县,370830,2
泗水县,370831,2
梁山县,370832,2
曲阜市,370881,2
邹城市,370883,2
泰安市,370900,1
市辖区,370901,2
泰山区,370902,2
岱岳区,370911,2
宁阳县,370921,2
东平县,370923,2
新泰市,370982,2
肥城市,370983,2
威海市,371000,1
市辖区,371001,2
环翠区,371002,2
文登区,371003,2
荣成市,371082,2
乳山市,371083,2
日照市,371100,1
市辖区,371101,2
东港区,371102,2
岚山区,371103,2
五莲县,371121,2
莒县,371122,2
莱芜市,371200,1
市辖区,371201,2
莱城区,371202,2
钢城区,371203,2
临沂市,371300,1
市辖区,371301,2
兰山区,371302,2
罗庄区,371311,2
河东区,371312,2
沂南县,371321,2
郯城县,371322,2
沂水县,371323,2
兰陵县,371324,2
费县,371325,2
平邑县,371326,2
莒南县,371327,2
蒙阴县,371328,2
临沭县,371329,2
德州市,371400,1
市辖区,371401,2
德城区,371402,2
陵城区,371403,2
宁津县,371422,2
庆云县,371423,2
临邑县,371424,2
齐河县,371425,2
平原县,371426,2
夏津县,371427,2
武城县,371428,2
乐陵市,371481,2
禹城市,371482,2
聊城市,371500,1
市辖区,371501,2
东昌府区,371502,2
阳谷县,371521,2
莘县,371522,2
茌平县,371523,2
东阿县,371524,2
冠县,371525,2
高唐县,371526,2
临清市,371581,2
滨州市,371600,1
市辖区,371601,2
滨城区,371602,2
沾化区,371603,2
惠民县,371621,2
阳信县,371622,2
无棣县,371623,2
博兴县,371625,2
邹平县,371626,2
菏泽市,371700,1
市辖区,371701,2
牡丹区,371702,2
定陶区,371703,2
曹县,371721,2
单县,371722,2
成武县,371723,2
巨野县,371724,2
郓城县,371725,2
鄄城县,371726,2
东明县,371728,2
河南省,410000,0
郑州市,410100,1
市辖区,410101,2
中原区,410102,2
二七区,410103,2
管城回族区,410104,2
金水区,410105,2
上街区,410106,2
惠济区,410108,2
中牟县,410122,2
巩义市,410181,2
荥阳市,410182,2
新密市,410183,2
新郑市,410184,2
登封市,410185,2
开封市,410200,1
市辖区,410201,2
龙亭区,410202,2
顺河回族区,410203,2
鼓楼区,410204,2
禹王台区,410205,2
金明区,410211,2
祥符区,410212,2
杞县,410221,2
通许县,410222,2
尉氏县,410223,2
兰考县,410225,2
洛阳市,410300,1
市辖区,410301,2
老城区,410302,2
西工区,410303,2
瀍河回族区,410304,2
涧西区,410305,2
吉利区,410306,2
洛龙区,410311,2
孟津县,410322,2
新安县,410323,2
栾川县,410324,2
嵩县,410325,2
汝阳县,410326,2
宜阳县,410327,2
洛宁县,410328,2
伊川县,410329,2
偃师市,410381,2
平顶山市,410400,1
市辖区,410401,2
新华区,410402,2
卫东区,410403,2
石龙区,410404,2
湛河区,410411,2
宝丰县,410421,2
叶县,410422,2
鲁山县,410423,2
郏县,410425,2
舞钢市,410481,2
汝州市,410482,2
安阳市,410500,1
市辖区,410501,2
文峰区,410502,2
北关区,410503,2
殷都区,410505,2
龙安区,410506,2
安阳县,410522,2
汤阴县,410523,2
滑县,410526,2
内黄县,410527,2
林州市,410581,2
鹤壁市,410600,1
市辖区,410601,2
鹤山区,410602,2
山城区,410603,2
淇滨区,410611,2
浚县,410621,2
淇县,410622,2
新乡市,410700,1
市辖区,410701,2
红旗区,410702,2
卫滨区,410703,2
凤泉区,410704,2
牧野区,410711,2
新乡县,410721,2
获嘉县,410724,2
原阳县,410725,2
延津县,410726,2
封丘县,410727,2
长垣县,410728,2
卫辉市,410781,2
辉县市,410782,2
焦作市,410800,1
市辖区,410801,2
解放区,410802,2
中站区,410803,2
马村区,410804,2
山阳区,410811,2
修武县,410821,2
博爱县,410822,2
武陟县,410823,2
温县,410825,2
沁阳市,410882,2
孟州市,410883,2
濮阳市,410900,1
市辖区,410901,2
华龙区,410902,2
清丰县,410922,2
南乐县,410923,2
范县,410926,2
台前县,410927,2
濮阳县,410928,2
许昌市,411000,1
市辖区,411001,2
魏都区,411002,2
许昌县,411023,2
鄢陵县,411024,2
襄城县,411025,2
禹州市,411081,2
长葛市,411082,2
漯河市,411100,1
市辖区,411101,2
源汇区,411102,2
郾城区,411103,2
召陵区,411104,2
舞阳县,411121,2
临颍县,411122,2
三门峡市,411200,1
市辖区,411201,2
湖滨区,411202,2
陕州区,411203,2
渑池县,411221,2
卢氏县,411224,2
义马市,411281,2
灵宝市,411282,2
南阳市,411300,1
市辖区,411301,2
宛城区,411302,2
卧龙区,411303,2
南召县,411321,2
方城县,411322,2
西峡县,411323,2
镇平县,411324,2
内乡县,411325,2
淅川县,411326,2
社旗县,411327,2
唐河县,411328,2
新野县,411329,2
桐柏县,411330,2
邓州市,411381,2
商丘市,411400,1
市辖区,411401,2
梁园区,411402,2
睢阳区,411403,2
民权县,411421,2
睢县,411422,2
宁陵县,411423,2
柘城县,411424,2
虞城县,411425,2
夏邑县,411426,2
永城市,411481,2
信阳市,411500,1
市辖区,411501,2
浉河区,411502,2
平桥区,411503,2
罗山县,411521,2
光山县,411522,2
新县,411523,2
商城县,411524,2
固始县,411525,2
潢川县,411526,2
淮滨县,411527,2
息县,411528,2
周口市,411600,1
市辖区,411601,2
川汇区,411602,2
扶沟县,411621,2
西华县,411622,2
商水县,411623,2
沈丘县,411624,2
郸城县,411625,2
淮阳县,411626,2
太康县,411627,2
鹿邑县,411628,2
项城市,411681,2
驻马店市,411700,1
市辖区,411701,2
驿城区,411702,2
西平县,411721,2
上蔡县,411722,2
平舆县,411723,2
正阳县,411724,2
确山县,411725,2
泌阳县,411726,2
汝南县,411727,2
遂平县,411728,2
新蔡县,411729,2
省直辖县级行政区划,419000,1
济源市,419001,2
湖北省,420000,0
武汉市,420100,1
市辖区,420101,2
江岸区,420102,2
江汉区,420103,2
硚口区,420104,2
汉阳区,420105,2
武昌区,420106,2
青山区,420107,2
洪山区,420111,2
东西湖区,420112,2
汉南区,420113,2
蔡甸区,420114,2
江夏区,420115,2
黄陂区,420116,2
新洲区,420117,2
黄石市,420200,1
市辖区,420201,2
黄石港区,420202,2
西塞山区,420203,2
下陆区,420204,2
铁山区,420205,2
阳新县,420222,2
大冶市,420281,2
十堰市,420300,1
市辖区,420301,2
茅箭区,420302,2
张湾区,420303,2
郧阳区,420304,2
郧西县,420322,2
竹山县,420323,2
竹溪县,420324,2
房县,420325,2
丹江口市,420381,2
宜昌市,420500,1
市辖区,420501,2
西陵区,420502,2
伍家岗区,420503,2
点军区,420504,2
猇亭区,420505,2
夷陵区,420506,2
远安县,420525,2
兴山县,420526,2
秭归县,420527,2
长阳土家族自治县,420528,2
五峰土家族自治县,420529,2
宜都市,420581,2
当阳市,420582,2
枝江市,420583,2
襄阳市,420600,1
市辖区,420601,2
襄城区,420602,2
樊城区,420606,2
襄州区,420607,2
南漳县,420624,2
谷城县,420625,2
保康县,420626,2
老河口市,420682,2
枣阳市,420683,2
宜城市,420684,2
鄂州市,420700,1
市辖区,420701,2
梁子湖区,420702,2
华容区,420703,2
鄂城区,420704,2
荆门市,420800,1
市辖区,420801,2
东宝区,420802,2
掇刀区,420804,2
京山县,420821,2
沙洋县,420822,2
钟祥市,420881,2
孝感市,420900,1
市辖区,420901,2
孝南区,420902,2
孝昌县,420921,2
大悟县,420922,2
云梦县,420923,2
应城市,420981,2
安陆市,420982,2
汉川市,420984,2
荆州市,421000,1
市辖区,421001,2
沙市区,421002,2
荆州区,421003,2
公安县,421022,2
监利县,421023,2
江陵县,421024,2
石首市,421081,2
洪湖市,421083,2
松滋市,421087,2
黄冈市,421100,1
市辖区,421101,2
黄州区,421102,2
团风县,421121,2
红安县,421122,2
罗田县,421123,2
英山县,421124,2
浠水县,421125,2
蕲春县,421126,2
黄梅县,421127,2
麻城市,421181,2
武穴市,421182,2
咸宁市,421200,1
市辖区,421201,2
咸安区,421202,2
嘉鱼县,421221,2
通城县,421222,2
崇阳县,421223,2
通山县,421224,2
赤壁市,421281,2
随州市,421300,1
市辖区,421301,2
曾都区,421303,2
随县,421321,2
广水市,421381,2
恩施土家族苗族自治州,422800,1
恩施市,422801,2
利川市,422802,2
建始县,422822,2
巴东县,422823,2
宣恩县,422825,2
咸丰县,422826,2
来凤县,422827,2
鹤峰县,422828,2
省直辖县级行政区划,429000,1
仙桃市,429004,2
潜江市,429005,2
天门市,429006,2
神农架林区,429021,2
湖南省,430000,0
长沙市,430100,1
市辖区,430101,2
芙蓉区,430102,2
天心区,430103,2
岳麓区,430104,2
开福区,430105,2
雨花区,430111,2
望城区,430112,2
长沙县,430121,2
宁乡县,430124,2
浏阳市,430181,2
株洲市,430200,1
市辖区,430201,2
荷塘区,430202,2
芦淞区,430203,2
石峰区,430204,2
天元区,430211,2
株洲县,430221,2
攸县,430223,2
茶陵县,430224,2
炎陵县,430225,2
醴陵市,430281,2
湘潭市,430300,1
市辖区,430301,2
雨湖区,430302,2
岳塘区,430304,2
湘潭县,430321,2
湘乡市,430381,2
韶山市,430382,2
衡阳市,430400,1
市辖区,430401,2
珠晖区,430405,2
雁峰区,430406,2
石鼓区,430407,2
蒸湘区,430408,2
南岳区,430412,2
衡阳县,430421,2
衡南县,430422,2
衡山县,430423,2
衡东县,430424,2
祁东县,430426,2
耒阳市,430481,2
常宁市,430482,2
邵阳市,430500,1
市辖区,430501,2
双清区,430502,2
大祥区,430503,2
北塔区,430511,2
邵东县,430521,2
新邵县,430522,2
邵阳县,430523,2
隆回县,430524,2
洞口县,430525,2
绥宁县,430527,2
新宁县,430528,2
城步苗族自治县,430529,2
武冈市,430581,2
岳阳市,430600,1
市辖区,430601,2
岳阳楼区,430602,2
云溪区,430603,2
君山区,430611,2
岳阳县,430621,2
华容县,430623,2
湘阴县,430624,2
平江县,430626,2
汨罗市,430681,2
临湘市,430682,2
常德市,430700,1
市辖区,430701,2
武陵区,430702,2
鼎城区,430703,2
安乡县,430721,2
汉寿县,430722,2
澧县,430723,2
临澧县,430724,2
桃源县,430725,2
石门县,430726,2
津市市,430781,2
张家界市,430800,1
市辖区,430801,2
永定区,430802,2
武陵源区,430811,2
慈利县,430821,2
桑植县,430822,2
益阳市,430900,1
市辖区,430901,2
资阳区,430902,2
赫山区,430903,2
南县,430921,2
桃江县,430922,2
安化县,430923,2
沅江市,430981,2
郴州市,431000,1
市辖区,431001,2
北湖区,431002,2
苏仙区,431003,2
桂阳县,431021,2
宜章县,431022,2
永兴县,431023,2
嘉禾县,431024,2
临武县,431025,2
汝城县,431026,2
桂东县,431027,2
安仁县,431028,2
资兴市,431081,2
永州市,431100,1
市辖区,431101,2
零陵区,431102,2
冷水滩区,431103,2
祁阳县,431121,2
东安县,431122,2
双牌县,431123,2
道县,431124,2
江永县,431125,2
宁远县,431126,2
蓝山县,431127,2
新田县,431128,2
江华瑶族自治县,431129,2
怀化市,431200,1
市辖区,431201,2
鹤城区,431202,2
中方县,431221,2
沅陵县,431222,2
辰溪县,431223,2
溆浦县,431224,2
会同县,431225,2
麻阳苗族自治县,431226,2
新晃侗族自治县,431227,2
芷江侗族自治县,431228,2
靖州苗族侗族自治县,431229,2
通道侗族自治县,431230,2
洪江市,431281,2
娄底市,431300,1
市辖区,431301,2
娄星区,431302,2
双峰县,431321,2
新化县,431322,2
冷水江市,431381,2
涟源市,431382,2
湘西土家族苗族自治州,433100,1
吉首市,433101,2
泸溪县,433122,2
凤凰县,433123,2
花垣县,433124,2
保靖县,433125,2
古丈县,433126,2
永顺县,433127,2
龙山县,433130,2
广东省,440000,0
广州市,440100,1
市辖区,440101,2
荔湾区,440103,2
越秀区,440104,2
海珠区,440105,2
天河区,440106,2
白云区,440111,2
黄埔区,440112,2
番禺区,440113,2
花都区,440114,2
南沙区,440115,2
从化区,440117,2
增城区,440118,2
韶关市,440200,1
市辖区,440201,2
武江区,440203,2
浈江区,440204,2
曲江区,440205,2
始兴县,440222,2
仁化县,440224,2
翁源县,440229,2
乳源瑶族自治县,440232,2
新丰县,440233,2
乐昌市,440281,2
南雄市,440282,2
深圳市,440300,1
市辖区,440301,2
罗湖区,440303,2
福田区,440304,2
南山区,440305,2
宝安区,440306,2
龙岗区,440307,2
盐田区,440308,2
珠海市,440400,1
市辖区,440401,2
香洲区,440402,2
斗门区,440403,2
金湾区,440404,2
汕头市,440500,1
市辖区,440501,2
龙湖区,440507,2
金平区,440511,2
濠江区,440512,2
潮阳区,440513,2
潮南区,440514,2
澄海区,440515,2
南澳县,440523,2
佛山市,440600,1
市辖区,440601,2
禅城区,440604,2
南海区,440605,2
顺德区,440606,2
三水区,440607,2
高明区,440608,2
江门市,440700,1
市辖区,440701,2
蓬江区,440703,2
江海区,440704,2
新会区,440705,2
台山市,440781,2
开平市,440783,2
鹤山市,440784,2
恩平市,440785,2
湛江市,440800,1
市辖区,440801,2
赤坎区,440802,2
霞山区,440803,2
坡头区,440804,2
麻章区,440811,2
遂溪县,440823,2
徐闻县,440825,2
廉江市,440881,2
雷州市,440882,2
吴川市,440883,2
茂名市,440900,1
市辖区,440901,2
茂南区,440902,2
电白区,440904,2
高州市,440981,2
化州市,440982,2
信宜市,440983,2
肇庆市,441200,1
市辖区,441201,2
端州区,441202,2
鼎湖区,441203,2
高要区,441204,2
广宁县,441223,2
怀集县,441224,2
封开县,441225,2
德庆县,441226,2
四会市,441284,2
惠州市,441300,1
市辖区,441301,2
惠城区,441302,2
惠阳区,441303,2
博罗县,441322,2
惠东县,441323,2
龙门县,441324,2
梅州市,441400,1
市辖区,441401,2
梅江区,441402,2
梅县区,441403,2
大埔县,441422,2
丰顺县,441423,2
五华县,441424,2
平远县,441426,2
蕉岭县,441427,2
兴宁市,441481,2
汕尾市,441500,1
市辖区,441501,2
城区,441502,2
海丰县,441521,2
陆河县,441523,2
陆丰市,441581,2
河源市,441600,1
市辖区,441601,2
源城区,441602,2
紫金县,441621,2
龙川县,441622,2
连平县,441623,2
和平县,441624,2
东源县,441625,2
阳江市,441700,1
市辖区,441701,2
江城区,441702,2
阳东区,441704,2
阳西县,441721,2
阳春市,441781,2
清远市,441800,1
市辖区,441801,2
清城区,441802,2
清新区,441803,2
佛冈县,441821,2
阳山县,441823,2
连山壮族瑶族自治县,441825,2
连南瑶族自治县,441826,2
英德市,441881,2
连州市,441882,2
东莞市,441900,1
中山市,442000,1
潮州市,445100,1
市辖区,445101,2
湘桥区,445102,2
潮安区,445103,2
饶平县,445122,2
揭阳市,445200,1
市辖区,445201,2
榕城区,445202,2
揭东区,445203,2
揭西县,445222,2
惠来县,445224,2
普宁市,445281,2
云浮市,445300,1
市辖区,445301,2
云城区,445302,2
云安区,445303,2
新兴县,445321,2
郁南县,445322,2
罗定市,445381,2
广西壮族自治区,450000,0
南宁市,450100,1
市辖区,450101,2
兴宁区,450102,2
青秀区,450103,2
江南区,450105,2
西乡塘区,450107,2
良庆区,450108,2
邕宁区,450109,2
武鸣区,450110,2
隆安县,450123,2
马山县,450124,2
上林县,450125,2
宾阳县,450126,2
横县,450127,2
柳州市,450200,1
市辖区,450201,2
城中区,450202,2
鱼峰区,450203,2
柳南区,450204,2
柳北区,450205,2
柳江区,450206,2
柳城县,450222,2
鹿寨县,450223,2
融安县,450224,2
融水苗族自治县,450225,2
三江侗族自治县,450226,2
桂林市,450300,1
市辖区,450301,2
秀峰区,450302,2
叠彩区,450303,2
象山区,450304,2
七星区,450305,2
雁山区,450311,2
临桂区,450312,2
阳朔县,450321,2
灵川县,450323,2
全州县,450324,2
兴安县,450325,2
永福县,450326,2
灌阳县,450327,2
龙胜各族自治县,450328,2
资源县,450329,2
平乐县,450330,2
荔浦县,450331,2
恭城瑶族自治县,450332,2
梧州市,450400,1
市辖区,450401,2
万秀区,450403,2
长洲区,450405,2
龙圩区,450406,2
苍梧县,450421,2
藤县,450422,2
蒙山县,450423,2
岑溪市,450481,2
北海市,450500,1
市辖区,450501,2
海城区,450502,2
银海区,450503,2
铁山港区,450512,2
合浦县,450521,2
防城港市,450600,1
市辖区,450601,2
港口区,450602,2
防城区,450603,2
上思县,450621,2
东兴市,450681,2
钦州市,450700,1
市辖区,450701,2
钦南区,450702,2
钦北区,450703,2
灵山县,450721,2
浦北县,450722,2
贵港市,450800,1
市辖区,450801,2
港北区,450802,2
港南区,450803,2
覃塘区,450804,2
平南县,450821,2
桂平市,450881,2
玉林市,450900,1
市辖区,450901,2
玉州区,450902,2
福绵区,450903,2
容县,450921,2
陆川县,450922,2
博白县,450923,2
兴业县,450924,2
北流市,450981,2
百色市,451000,1
市辖区,451001,2
右江区,451002,2
田阳县,451021,2
田东县,451022,2
平果县,451023,2
德保县,451024,2
那坡县,451026,2
凌云县,451027,2
乐业县,451028,2
田林县,451029,2
西林县,451030,2
隆林各族自治县,451031,2
靖西市,451081,2
贺州市,451100,1
市辖区,451101,2
八步区,451102,2
平桂区,451103,2
昭平县,451121,2
钟山县,451122,2
富川瑶族自治县,451123,2
河池市,451200,1
市辖区,451201,2
金城江区,451202,2
南丹县,451221,2
天峨县,451222,2
凤山县,451223,2
东兰县,451224,2
罗城仫佬族自治县,451225,2
环江毛南族自治县,451226,2
巴马瑶族自治县,451227,2
都安瑶族自治县,451228,2
大化瑶族自治县,451229,2
宜州市,451281,2
来宾市,451300,1
市辖区,451301,2
兴宾区,451302,2
忻城县,451321,2
象州县,451322,2
武宣县,451323,2
金秀瑶族自治县,451324,2
合山市,451381,2
崇左市,451400,1
市辖区,451401,2
江州区,451402,2
扶绥县,451421,2
宁明县,451422,2
龙州县,451423,2
大新县,451424,2
天等县,451425,2
凭祥市,451481,2
海口市,460100,1
市辖区,460101,2
秀英区,460105,2
龙华区,460106,2
琼山区,460107,2
美兰区,460108,2
三亚市,460200,1
市辖区,460201,2
海棠区,460202,2
吉阳区,460203,2
天涯区,460204,2
崖州区,460205,2
三沙市,460300,1
儋州市,460400,1
省直辖县级行政区划,469000,1
五指山市,469001,2
琼海市,469002,2
文昌市,469005,2
万宁市,469006,2
东方市,469007,2
定安县,469021,2
屯昌县,469022,2
澄迈县,469023,2
临高县,469024,2
白沙黎族自治县,469025,2
昌江黎族自治县,469026,2
乐东黎族自治县,469027,2
陵水黎族自治县,469028,2
保亭黎族苗族自治县,469029,2
琼中黎族苗族自治县,469030,2
重庆市,500000,0
市辖区,500100,1
万州区,500101,2
涪陵区,500102,2
渝中区,500103,2
大渡口区,500104,2
江北区,500105,2
沙坪坝区,500106,2
九龙坡区,500107,2
南岸区,500108,2
北碚区,500109,2
綦江区,500110,2
大足区,500111,2
渝北区,500112,2
巴南区,500113,2
黔江区,500114,2
长寿区,500115,2
江津区,500116,2
合川区,500117,2
永川区,500118,2
南川区,500119,2
璧山区,500120,2
铜梁区,500151,2
潼南区,500152,2
荣昌区,500153,2
开州区,500154,2
县,500200,1
梁平县,500228,2
城口县,500229,2
丰都县,500230,2
垫江县,500231,2
武隆县,500232,2
忠县,500233,2
云阳县,500235,2
奉节县,500236,2
巫山县,500237,2
巫溪县,500238,2
石柱土家族自治县,500240,2
秀山土家族苗族自治县,500241,2
酉阳土家族苗族自治县,500242,2
彭水苗族土家族自治县,500243,2
四川省,510000,0
成都市,510100,1
市辖区,510101,2
锦江区,510104,2
青羊区,510105,2
金牛区,510106,2
武侯区,510107,2
成华区,510108,2
龙泉驿区,510112,2
青白江区,510113,2
新都区,510114,2
温江区,510115,2
双流区,510116,2
金堂县,510121,2
郫县,510124,2
大邑县,510129,2
蒲江县,510131,2
新津县,510132,2
都江堰市,510181,2
彭州市,510182,2
邛崃市,510183,2
崇州市,510184,2
简阳市,510185,2
自贡市,510300,1
市辖区,510301,2
自流井区,510302,2
贡井区,510303,2
大安区,510304,2
沿滩区,510311,2
荣县,510321,2
富顺县,510322,2
攀枝花市,510400,1
市辖区,510401,2
东区,510402,2
西区,510403,2
仁和区,510411,2
米易县,510421,2
盐边县,510422,2
泸州市,510500,1
市辖区,510501,2
江阳区,510502,2
纳溪区,510503,2
龙马潭区,510504,2
泸县,510521,2
合江县,510522,2
叙永县,510524,2
古蔺县,510525,2
德阳市,510600,1
市辖区,510601,2
旌阳区,510603,2
中江县,510623,2
罗江县,510626,2
广汉市,510681,2
什邡市,510682,2
绵竹市,510683,2
绵阳市,510700,1
市辖区,510701,2
涪城区,510703,2
游仙区,510704,2
安州区,510705,2
三台县,510722,2
盐亭县,510723,2
梓潼县,510725,2
北川羌族自治县,510726,2
平武县,510727,2
江油市,510781,2
广元市,510800,1
市辖区,510801,2
利州区,510802,2
昭化区,510811,2
朝天区,510812,2
旺苍县,510821,2
青川县,510822,2
剑阁县,510823,2
苍溪县,510824,2
遂宁市,510900,1
市辖区,510901,2
船山区,510903,2
安居区,510904,2
蓬溪县,510921,2
射洪县,510922,2
大英县,510923,2
内江市,511000,1
市辖区,511001,2
市中区,511002,2
东兴区,511011,2
威远县,511024,2
资中县,511025,2
隆昌县,511028,2
乐山市,511100,1
市辖区,511101,2
市中区,511102,2
沙湾区,511111,2
五通桥区,511112,2
金口河区,511113,2
犍为县,511123,2
井研县,511124,2
夹江县,511126,2
沐川县,511129,2
峨边彝族自治县,511132,2
马边彝族自治县,511133,2
峨眉山市,511181,2
南充市,511300,1
市辖区,511301,2
顺庆区,511302,2
高坪区,511303,2
嘉陵区,511304,2
南部县,511321,2
营山县,511322,2
蓬安县,511323,2
仪陇县,511324,2
西充县,511325,2
阆中市,511381,2
眉山市,511400,1
市辖区,511401,2
东坡区,511402,2
彭山区,511403,2
仁寿县,511421,2
洪雅县,511423,2
丹棱县,511424,2
青神县,511425,2
宜宾市,511500,1
市辖区,511501,2
翠屏区,511502,2
南溪区,511503,2
宜宾县,511521,2
江安县,511523,2
长宁县,511524,2
高县,511525,2
珙县,511526,2
筠连县,511527,2
兴文县,511528,2
屏山县,511529,2
广安市,511600,1
市辖区,511601,2
广安区,511602,2
前锋区,511603,2
岳池县,511621,2
武胜县,511622,2
邻水县,511623,2
华蓥市,511681,2
达州市,511700,1
市辖区,511701,2
通川区,511702,2
达川区,511703,2
宣汉县,511722,2
开江县,511723,2
大竹县,511724,2
渠县,511725,2
万源市,511781,2
雅安市,511800,1
市辖区,511801,2
雨城区,511802,2
名山区,511803,2
荥经县,511822,2
汉源县,511823,2
石棉县,511824,2
天全县,511825,2
芦山县,511826,2
宝兴县,511827,2
巴中市,511900,1
市辖区,511901,2
巴州区,511902,2
恩阳区,511903,2
通江县,511921,2
南江县,511922,2
平昌县,511923,2
资阳市,512000,1
市辖区,512001,2
雁江区,512002,2
安岳县,512021,2
乐至县,512022,2
阿坝藏族羌族自治州,513200,1
马尔康市,513201,2
汶川县,513221,2
理县,513222,2
茂县,513223,2
松潘县,513224,2
九寨沟县,513225,2
金川县,513226,2
小金县,513227,2
黑水县,513228,2
壤塘县,513230,2
阿坝县,513231,2
若尔盖县,513232,2
红原县,513233,2
甘孜藏族自治州,513300,1
康定市,513301,2
泸定县,513322,2
丹巴县,513323,2
九龙县,513324,2
雅江县,513325,2
道孚县,513326,2
炉霍县,513327,2
甘孜县,513328,2
新龙县,513329,2
德格县,513330,2
白玉县,513331,2
石渠县,513332,2
色达县,513333,2
理塘县,513334,2
巴塘县,513335,2
乡城县,513336,2
稻城县,513337,2
得荣县,513338,2
凉山彝族自治州,513400,1
西昌市,513401,2
木里藏族自治县,513422,2
盐源县,513423,2
德昌县,513424,2
会理县,513425,2
会东县,513426,2
宁南县,513427,2
普格县,513428,2
布拖县,513429,2
金阳县,513430,2
昭觉县,513431,2
喜德县,513432,2
冕宁县,513433,2
越西县,513434,2
甘洛县,513435,2
美姑县,513436,2
雷波县,513437,2
贵州省,520000,0
贵阳市,520100,1
市辖区,520101,2
南明区,520102,2
云岩区,520103,2
花溪区,520111,2
乌当区,520112,2
白云区,520113,2
观山湖区,520115,2
开阳县,520121,2
息烽县,520122,2
修文县,520123,2
清镇市,520181,2
六盘水市,520200,1
钟山区,520201,2
六枝特区,520203,2
水城县,520221,2
盘县,520222,2
遵义市,520300,1
市辖区,520301,2
红花岗区,520302,2
汇川区,520303,2
播州区,520304,2
桐梓县,520322,2
绥阳县,520323,2
正安县,520324,2
道真仡佬族苗族自治县,520325,2
务川仡佬族苗族自治县,520326,2
凤冈县,520327,2
湄潭县,520328,2
余庆县,520329,2
习水县,520330,2
赤水市,520381,2
仁怀市,520382,2
安顺市,520400,1
市辖区,520401,2
西秀区,520402,2
平坝区,520403,2
普定县,520422,2
镇宁布依族苗族自治县,520423,2
关岭布依族苗族自治县,520424,2
紫云苗族布依族自治县,520425,2
毕节市,520500,1
市辖区,520501,2
七星关区,520502,2
大方县,520521,2
黔西县,520522,2
金沙县,520523,2
织金县,520524,2
纳雍县,520525,2
威宁彝族回族苗族自治县,520526,2
赫章县,520527,2
铜仁市,520600,1
市辖区,520601,2
碧江区,520602,2
万山区,520603,2
江口县,520621,2
玉屏侗族自治县,520622,2
石阡县,520623,2
思南县,520624,2
印江土家族苗族自治县,520625,2
德江县,520626,2
沿河土家族自治县,520627,2
松桃苗族自治县,520628,2
黔西南布依族苗族自治州,522300,1
兴义市,522301,2
兴仁县,522322,2
普安县,522323,2
晴隆县,522324,2
贞丰县,522325,2
望谟县,522326,2
册亨县,522327,2
安龙县,522328,2
黔东南苗族侗族自治州,522600,1
凯里市,522601,2
黄平县,522622,2
施秉县,522623,2
三穗县,522624,2
镇远县,522625,2
岑巩县,522626,2
天柱县,522627,2
锦屏县,522628,2
剑河县,522629,2
台江县,522630,2
黎平县,522631,2
榕江县,522632,2
从江县,522633,2
雷山县,522634,2
麻江县,522635,2
丹寨县,522636,2
黔南布依族苗族自治州,522700,1
都匀市,522701,2
福泉市,522702,2
荔波县,522722,2
贵定县,522723,2
瓮安县,522725,2
独山县,522726,2
平塘县,522727,2
罗甸县,522728,2
长顺县,522729,2
龙里县,522730,2
惠水县,522731,2
三都水族自治县,522732,2
云南省,530000,0
昆明市,530100,1
市辖区,530101,2
五华区,530102,2
盘龙区,530103,2
官渡区,530111,2
西山区,530112,2
东川区,530113,2
呈贡区,530114,2
晋宁县,530122,2
富民县,530124,2
宜良县,530125,2
石林彝族自治县,530126,2
嵩明县,530127,2
禄劝彝族苗族自治县,530128,2
寻甸回族彝族自治县,530129,2
安宁市,530181,2
曲靖市,530300,1
市辖区,530301,2
麒麟区,530302,2
沾益区,530303,2
马龙县,530321,2
陆良县,530322,2
师宗县,530323,2
罗平县,530324,2
富源县,530325,2
会泽县,530326,2
宣威市,530381,2
玉溪市,530400,1
市辖区,530401,2
红塔区,530402,2
江川区,530403,2
澄江县,530422,2
通海县,530423,2
华宁县,530424,2
易门县,530425,2
峨山彝族自治县,530426,2
新平彝族傣族自治县,530427,2
元江哈尼族彝族傣族自治县,530428,2
保山市,530500,1
市辖区,530501,2
隆阳区,530502,2
施甸县,530521,2
龙陵县,530523,2
昌宁县,530524,2
腾冲市,530581,2
昭通市,530600,1
市辖区,530601,2
昭阳区,530602,2
鲁甸县,530621,2
巧家县,530622,2
盐津县,530623,2
大关县,530624,2
永善县,530625,2
绥江县,530626,2
镇雄县,530627,2
彝良县,530628,2
威信县,530629,2
水富县,530630,2
丽江市,530700,1
市辖区,530701,2
古城区,530702,2
玉龙纳西族自治县,530721,2
永胜县,530722,2
华坪县,530723,2
宁蒗彝族自治县,530724,2
普洱市,530800,1
市辖区,530801,2
思茅区,530802,2
宁洱哈尼族彝族自治县,530821,2
墨江哈尼族自治县,530822,2
景东彝族自治县,530823,2
景谷傣族彝族自治县,530824,2
镇沅彝族哈尼族拉祜族自治县,530825,2
江城哈尼族彝族自治县,530826,2
孟连傣族拉祜族佤族自治县,530827,2
澜沧拉祜族自治县,530828,2
西盟佤族自治县,530829,2
临沧市,530900,1
市辖区,530901,2
临翔区,530902,2
凤庆县,530921,2
云县,530922,2
永德县,530923,2
镇康县,530924,2
双江拉祜族佤族布朗族傣族自治县,530925,2
耿马傣族佤族自治县,530926,2
沧源佤族自治县,530927,2
楚雄彝族自治州,532300,1
楚雄市,532301,2
双柏县,532322,2
牟定县,532323,2
南华县,532324,2
姚安县,532325,2
大姚县,532326,2
永仁县,532327,2
元谋县,532328,2
武定县,532329,2
禄丰县,532331,2
红河哈尼族彝族自治州,532500,1
个旧市,532501,2
开远市,532502,2
蒙自市,532503,2
弥勒市,532504,2
屏边苗族自治县,532523,2
建水县,532524,2
石屏县,532525,2
泸西县,532527,2
元阳县,532528,2
红河县,532529,2
金平苗族瑶族傣族自治县,532530,2
绿春县,532531,2
河口瑶族自治县,532532,2
文山壮族苗族自治州,532600,1
文山市,532601,2
砚山县,532622,2
西畴县,532623,2
麻栗坡县,532624,2
马关县,532625,2
丘北县,532626,2
广南县,532627,2
富宁县,532628,2
西双版纳傣族自治州,532800,1
景洪市,532801,2
勐海县,532822,2
勐腊县,532823,2
大理白族自治州,532900,1
大理市,532901,2
漾濞彝族自治县,532922,2
祥云县,532923,2
宾川县,532924,2
弥渡县,532925,2
南涧彝族自治县,532926,2
巍山彝族回族自治县,532927,2
永平县,532928,2
云龙县,532929,2
洱源县,532930,2
剑川县,532931,2
鹤庆县,532932,2
德宏傣族景颇族自治州,533100,1
瑞丽市,533102,2
芒市,533103,2
梁河县,533122,2
盈江县,533123,2
陇川县,533124,2
怒江傈僳族自治州,533300,1
泸水市,533301,2
福贡县,533323,2
贡山独龙族怒族自治县,533324,2
兰坪白族普米族自治县,533325,2
迪庆藏族自治州,533400,1
香格里拉市,533401,2
德钦县,533422,2
维西傈僳族自治县,533423,2
西藏自治区,540000,0
拉萨市,540100,1
市辖区,540101,2
城关区,540102,2
堆龙德庆区,540103,2
林周县,540121,2
当雄县,540122,2
尼木县,540123,2
曲水县,540124,2
达孜县,540126,2
墨竹工卡县,540127,2
日喀则市,540200,1
桑珠孜区,540202,2
南木林县,540221,2
江孜县,540222,2
定日县,540223,2
萨迦县,540224,2
拉孜县,540225,2
昂仁县,540226,2
谢通门县,540227,2
白朗县,540228,2
仁布县,540229,2
康马县,540230,2
定结县,540231,2
仲巴县,540232,2
亚东县,540233,2
吉隆县,540234,2
聂拉木县,540235,2
萨嘎县,540236,2
岗巴县,540237,2
昌都市,540300,1
卡若区,540302,2
江达县,540321,2
贡觉县,540322,2
类乌齐县,540323,2
丁青县,540324,2
察雅县,540325,2
八宿县,540326,2
左贡县,540327,2
芒康县,540328,2
洛隆县,540329,2
边坝县,540330,2
林芝市,540400,1
巴宜区,540402,2
工布江达县,540421,2
米林县,540422,2
墨脱县,540423,2
波密县,540424,2
察隅县,540425,2
朗县,540426,2
山南市,540500,1
市辖区,540501,2
乃东区,540502,2
扎囊县,540521,2
贡嘎县,540522,2
桑日县,540523,2
琼结县,540524,2
曲松县,540525,2
措美县,540526,2
洛扎县,540527,2
加查县,540528,2
隆子县,540529,2
错那县,540530,2
浪卡子县,540531,2
那曲地区,542400,1
那曲县,542421,2
嘉黎县,542422,2
比如县,542423,2
聂荣县,542424,2
安多县,542425,2
申扎县,542426,2
索县,542427,2
班戈县,542428,2
巴青县,542429,2
尼玛县,542430,2
双湖县,542431,2
阿里地区,542500,1
普兰县,542521,2
札达县,542522,2
噶尔县,542523,2
日土县,542524,2
革吉县,542525,2
改则县,542526,2
措勤县,542527,2
陕西省,610000,0
西安市,610100,1
市辖区,610101,2
新城区,610102,2
碑林区,610103,2
莲湖区,610104,2
灞桥区,610111,2
未央区,610112,2
雁塔区,610113,2
阎良区,610114,2
临潼区,610115,2
长安区,610116,2
高陵区,610117,2
蓝田县,610122,2
周至县,610124,2
户县,610125,2
铜川市,610200,1
市辖区,610201,2
王益区,610202,2
印台区,610203,2
耀州区,610204,2
宜君县,610222,2
宝鸡市,610300,1
市辖区,610301,2
渭滨区,610302,2
金台区,610303,2
陈仓区,610304,2
凤翔县,610322,2
岐山县,610323,2
扶风县,610324,2
眉县,610326,2
陇县,610327,2
千阳县,610328,2
麟游县,610329,2
凤县,610330,2
太白县,610331,2
咸阳市,610400,1
市辖区,610401,2
秦都区,610402,2
杨陵区,610403,2
渭城区,610404,2
三原县,610422,2
泾阳县,610423,2
乾县,610424,2
礼泉县,610425,2
永寿县,610426,2
彬县,610427,2
长武县,610428,2
旬邑县,610429,2
淳化县,610430,2
武功县,610431,2
兴平市,610481,2
渭南市,610500,1
市辖区,610501,2
临渭区,610502,2
华州区,610503,2
潼关县,610522,2
大荔县,610523,2
合阳县,610524,2
澄城县,610525,2
蒲城县,610526,2
白水县,610527,2
富平县,610528,2
韩城市,610581,2
华阴市,610582,2
延安市,610600,1
市辖区,610601,2
宝塔区,610602,2
安塞区,610603,2
延长县,610621,2
延川县,610622,2
子长县,610623,2
志丹县,610625,2
吴起县,610626,2
甘泉县,610627,2
富县,610628,2
洛川县,610629,2
宜川县,610630,2
黄龙县,610631,2
黄陵县,610632,2
汉中市,610700,1
市辖区,610701,2
汉台区,610702,2
南郑县,610721,2
城固县,610722,2
洋县,610723,2
西乡县,610724,2
勉县,610725,2
宁强县,610726,2
略阳县,610727,2
镇巴县,610728,2
留坝县,610729,2
佛坪县,610730,2
榆林市,610800,1
市辖区,610801,2
榆阳区,610802,2
横山区,610803,2
神木县,610821,2
府谷县,610822,2
靖边县,610824,2
定边县,610825,2
绥德县,610826,2
米脂县,610827,2
佳县,610828,2
吴堡县,610829,2
清涧县,610830,2
子洲县,610831,2
安康市,610900,1
市辖区,610901,2
汉滨区,610902,2
汉阴县,610921,2
石泉县,610922,2
宁陕县,610923,2
紫阳县,610924,2
岚皋县,610925,2
平利县,610926,2
镇坪县,610927,2
旬阳县,610928,2
白河县,610929,2
商洛市,611000,1
市辖区,611001,2
商州区,611002,2
洛南县,611021,2
丹凤县,611022,2
商南县,611023,2
山阳县,611024,2
镇安县,611025,2
柞水县,611026,2
甘肃省,620000,0
兰州市,620100,1
市辖区,620101,2
城关区,620102,2
七里河区,620103,2
西固区,620104,2
安宁区,620105,2
红古区,620111,2
永登县,620121,2
皋兰县,620122,2
榆中县,620123,2
嘉峪关市,620200,1
市辖区,620201,2
金昌市,620300,1
市辖区,620301,2
金川区,620302,2
永昌县,620321,2
白银市,620400,1
市辖区,620401,2
白银区,620402,2
平川区,620403,2
靖远县,620421,2
会宁县,620422,2
景泰县,620423,2
天水市,620500,1
市辖区,620501,2
秦州区,620502,2
麦积区,620503,2
清水县,620521,2
秦安县,620522,2
甘谷县,620523,2
武山县,620524,2
张家川回族自治县,620525,2
武威市,620600,1
市辖区,620601,2
凉州区,620602,2
民勤县,620621,2
古浪县,620622,2
天祝藏族自治县,620623,2
张掖市,620700,1
市辖区,620701,2
甘州区,620702,2
肃南裕固族自治县,620721,2
民乐县,620722,2
临泽县,620723,2
高台县,620724,2
山丹县,620725,2
平凉市,620800,1
市辖区,620801,2
崆峒区,620802,2
泾川县,620821,2
灵台县,620822,2
崇信县,620823,2
华亭县,620824,2
庄浪县,620825,2
静宁县,620826,2
酒泉市,620900,1
市辖区,620901,2
肃州区,620902,2
金塔县,620921,2
瓜州县,620922,2
肃北蒙古族自治县,620923,2
阿克塞哈萨克族自治县,620924,2
玉门市,620981,2
敦煌市,620982,2
庆阳市,621000,1
市辖区,621001,2
西峰区,621002,2
庆城县,621021,2
环县,621022,2
华池县,621023,2
合水县,621024,2
正宁县,621025,2
宁县,621026,2
镇原县,621027,2
定西市,621100,1
市辖区,621101,2
安定区,621102,2
通渭县,621121,2
陇西县,621122,2
渭源县,621123,2
临洮县,621124,2
漳县,621125,2
岷县,621126,2
陇南市,621200,1
市辖区,621201,2
武都区,621202,2
成县,621221,2
文县,621222,2
宕昌县,621223,2
康县,621224,2
西和县,621225,2
礼县,621226,2
徽县,621227,2
两当县,621228,2
临夏回族自治州,622900,1
临夏市,622901,2
临夏县,622921,2
康乐县,622922,2
永靖县,622923,2
广河县,622924,2
和政县,622925,2
东乡族自治县,622926,2
积石山保安族东乡族撒拉族自治县,622927,2
甘南藏族自治州,623000,1
合作市,623001,2
临潭县,623021,2
卓尼县,623022,2
舟曲县,623023,2
迭部县,623024,2
玛曲县,623025,2
碌曲县,623026,2
夏河县,623027,2
青海省,630000,0
西宁市,630100,1
市辖区,630101,2
城东区,630102,2
城中区,630103,2
城西区,630104,2
城北区,630105,2
大通回族土族自治县,630121,2
湟中县,630122,2
湟源县,630123,2
海东市,630200,1
乐都区,630202,2
平安区,630203,2
民和回族土族自治县,630222,2
互助土族自治县,630223,2
化隆回族自治县,630224,2
循化撒拉族自治县,630225,2
海北藏族自治州,632200,1
门源回族自治县,632221,2
祁连县,632222,2
海晏县,632223,2
刚察县,632224,2
黄南藏族自治州,632300,1
同仁县,632321,2
尖扎县,632322,2
泽库县,632323,2
河南蒙古族自治县,632324,2
海南藏族自治州,632500,1
共和县,632521,2
同德县,632522,2
贵德县,632523,2
兴海县,632524,2
贵南县,632525,2
果洛藏族自治州,632600,1
玛沁县,632621,2
班玛县,632622,2
甘德县,632623,2
达日县,632624,2
久治县,632625,2
玛多县,632626,2
玉树藏族自治州,632700,1
玉树市,632701,2
杂多县,632722,2
称多县,632723,2
治多县,632724,2
囊谦县,632725,2
曲麻莱县,632726,2
海西蒙古族藏族自治州,632800,1
格尔木市,632801,2
德令哈市,632802,2
乌兰县,632821,2
都兰县,632822,2
天峻县,632823,2
宁夏回族自治区,640000,0
银川市,640100,1
市辖区,640101,2
兴庆区,640104,2
西夏区,640105,2
金凤区,640106,2
永宁县,640121,2
贺兰县,640122,2
灵武市,640181,2
石嘴山市,640200,1
市辖区,640201,2
大武口区,640202,2
惠农区,640205,2
平罗县,640221,2
吴忠市,640300,1
市辖区,640301,2
利通区,640302,2
红寺堡区,640303,2
盐池县,640323,2
同心县,640324,2
青铜峡市,640381,2
固原市,640400,1
市辖区,640401,2
原州区,640402,2
西吉县,640422,2
隆德县,640423,2
泾源县,640424,2
彭阳县,640425,2
中卫市,640500,1
市辖区,640501,2
沙坡头区,640502,2
中宁县,640521,2
海原县,640522,2
新疆维吾尔自治区,650000,0
乌鲁木齐市,650100,1
市辖区,650101,2
天山区,650102,2
沙依巴克区,650103,2
新市区,650104,2
水磨沟区,650105,2
头屯河区,650106,2
达坂城区,650107,2
米东区,650109,2
乌鲁木齐县,650121,2
克拉玛依市,650200,1
市辖区,650201,2
独山子区,650202,2
克拉玛依区,650203,2
白碱滩区,650204,2
乌尔禾区,650205,2
吐鲁番市,650400,1
高昌区,650402,2
鄯善县,650421,2
托克逊县,650422,2
哈密市,650500,1
伊州区,650502,2
巴里坤哈萨克自治县,650521,2
伊吾县,650522,2
昌吉回族自治州,652300,1
昌吉市,652301,2
阜康市,652302,2
呼图壁县,652323,2
玛纳斯县,652324,2
奇台县,652325,2
吉木萨尔县,652327,2
木垒哈萨克自治县,652328,2
博尔塔拉蒙古自治州,652700,1
博乐市,652701,2
阿拉山口市,652702,2
精河县,652722,2
温泉县,652723,2
巴音郭楞蒙古自治州,652800,1
库尔勒市,652801,2
轮台县,652822,2
尉犁县,652823,2
若羌县,652824,2
且末县,652825,2
焉耆回族自治县,652826,2
和静县,652827,2
和硕县,652828,2
博湖县,652829,2
阿克苏地区,652900,1
阿克苏市,652901,2
温宿县,652922,2
库车县,652923,2
沙雅县,652924,2
新和县,652925,2
拜城县,652926,2
乌什县,652927,2
阿瓦提县,652928,2
柯坪县,652929,2
克孜勒苏柯尔克孜自治州,653000,1
阿图什市,653001,2
阿克陶县,653022,2
阿合奇县,653023,2
乌恰县,653024,2
喀什地区,653100,1
喀什市,653101,2
疏附县,653121,2
疏勒县,653122,2
英吉沙县,653123,2
泽普县,653124,2
莎车县,653125,2
叶城县,653126,2
麦盖提县,653127,2
岳普湖县,653128,2
伽师县,653129,2
巴楚县,653130,2
塔什库尔干塔吉克自治县,653131,2
和田地区,653200,1
和田市,653201,2
和田县,653221,2
墨玉县,653222,2
皮山县,653223,2
洛浦县,653224,2
策勒县,653225,2
于田县,653226,2
民丰县,653227,2
伊犁哈萨克自治州,654000,1
伊宁市,654002,2
奎屯市,654003,2
霍尔果斯市,654004,2
伊宁县,654021,2
察布查尔锡伯自治县,654022,2
霍城县,654023,2
巩留县,654024,2
新源县,654025,2
昭苏县,654026,2
特克斯县,654027,2
尼勒克县,654028,2
塔城地区,654200,1
塔城市,654201,2
乌苏市,654202,2
额敏县,654221,2
沙湾县,654223,2
托里县,654224,2
裕民县,654225,2
和布克赛尔蒙古自治县,654226,2
阿勒泰地区,654300,1
阿勒泰市,654301,2
布尔津县,654321,2
富蕴县,654322,2
福海县,654323,2
哈巴河县,654324,2
青河县,654325,2
吉木乃县,654326,2
自治区直辖县级行政区划,659000,1
石河子市,659001,2
阿拉尔市,659002,2
图木舒克市,659003,2
五家渠市,659004,2
铁门关市,659006,2
台湾省,710000,0
香港特别行政区,810000,0
澳门特别行政区,820000,0
